<?xml version="1.0" encoding="utf-8"?>
<SOUI name="mainWindow" title="@string/title" bigIcon="ICON_LOGO:32" smallIcon="ICON_LOGO:16" margin="5,5,5,5"  resizable="1" wndType="appMain"
translucent="1"
>
  <root skin="_skin.sys.wnd.bkgnd" cache="1"  width="400" height="400">
    <caption pos="0,0,-0,30" show="1" font="adding:0">
      <icon pos="10,8" src="ICON_LOGO:16"/>
      <text pos="29,9">@string/title</text>
      <imgbtn id="10" skin="_skin.sys.btn.close"    pos="-45,0" tip="close" animate="1"/>
    </caption>
    <window pos="5,[2,-5,-5" layout="vbox" interval="10">
		<listview size="-2,0" weight="1" name="lv_applist">
			<template itemHeight="70" layout="vbox" padding="2,2,2,2" skin="skin_item_bk" interval="1" trackMouseEvent="1">
				<window size="-2,0" weight="1" layout="gridlayout" clipClient="1"  xinterval="5" yinterval="2" gravity="left"  xGravity="fill" yGravity="fill" columnCount="2">
					<text text="文件名:"  layout_xGravity="right" rowWeight="1"/>
					<edit name="txt_name"  columnWeight="1" margin="1,1,1,1"  readonly="1"/>
					<text text="MD5:" layout_xGravity="right"  rowWeight="1"/>
					<edit name="txt_md5"   margin="2,2,2,2"  readonly="1"/>
				</window>
				<window size="-2,1" colorBkgnd="@color/red"/>
			</template>
		</listview>
	</window>
  </root>
</SOUI>